{"cameraMode":{"drawMode":0,"name":"Shaded","section":"Shading Mode"},"sceneLighting":true,"audioPlay":false,"sceneViewState":{"showFog":true,"showMaterialUpdate":false,"showSkybox":true,"showFlares":true,"showImageEffects":true,"showParticleSystems":true},"in2DMode":false,"pivot":{"x":-492.0601806640625,"y":2077.61962890625,"z":117.483642578125},"rotation":{"x":0.023144088685512544,"y":0.9746792316436768,"z":-0.18675263226032258,"w":0.12079153209924698},"size":22.679044723510743,"orthographic":false}